"name","size_bytes","currency","price","review_count","rating","content_rating","primary_genre"
"Bible","92774400","USD","0.00","985920","4.5","4+","Reference"
"Solitaire by MobilityWare","49618944","USD","4.99","76720","4.5","4+","Games"
"FreeCell","55153664","USD","4.99","6340","4.5","4+","Games"
":) Sudoku +","6169600","USD","2.99","11447","5.0","4+","Games"
"Period Tracker Deluxe","40216576","USD","1.99","13350","4.5","12+","Health & Fitness"
"Sonos Controller","107983872","USD","0.00","48905","4.5","4+","Music"
"Star Walk - Find Stars And Planets in Sky Above","150195200","USD","4.99","8932","4.5","4+","Education"
"OpenTable - Restaurant Reservations","93420544","USD","0.00","113936","4.5","4+","Food & Drink"
"Chase Mobile℠","39505920","USD","0.00","233270","4.5","4+","Finance"
"Phase 10 Pro - Play Your Friends!","66695168","USD","1.99","59155","4.5","4+","Games"
"Wedding Dash Deluxe","55803904","USD","0.99","16567","4.5","4+","Games"
"Map My Run+ - GPS Running & Workout Tracker","237913088","USD","2.99","16434","4.5","4+","Health & Fitness"
"Map My Ride+ - GPS Cycling & Route Tracker","233513984","USD","2.99","10046","4.5","4+","Health & Fitness"
"Sally's Spa","431771648","USD","2.99","35074","4.5","4+","Games"
"Doodle Jump","48741376","USD","0.99","395261","4.5","4+","Games"
"The Masters Tournament","120725504","USD","0.00","148160","4.5","4+","Sports"
"WhatsApp Messenger","135044096","USD","0.00","287589","4.5","4+","Social Networking"
"Zillow Real Estate - Homes for Sale & for Rent","132632576","USD","0.00","342969","4.5","4+","Lifestyle"
"Pocket Tanks Deluxe","39827456","USD","4.99","5452","4.5","9+","Games"
"Sky Burger - Build & Match Food Free","146228224","USD","0.00","114096","4.5","4+","Games"
"Peggle Classic","223805440","USD","0.99","21416","4.5","4+","Games"
"TuneIn Radio Pro - MLB Audiobooks Podcasts Music","101925888","USD","9.99","71609","4.5","12+","Music"
"Sleep Cycle alarm clock","79315968","USD","0.00","104539","4.5","4+","Health & Fitness"
"Pixel Starships™ : 8Bit MMORPG","69083136","USD","0.00","5565","4.5","9+","Games"
"MyRadar NOAA Weather Radar Forecast","127284224","USD","0.00","150158","4.5","4+","Weather"
"Waze - GPS Navigation, Maps & Real-time Traffic","94139392","USD","0.00","345046","4.5","4+","Navigation"
"Spotify Music","132510720","USD","0.00","878563","4.5","12+","Music"
"MyRadar Pro NOAA Weather Radar, Forecasts & Storms","123718656","USD","1.99","13915","4.5","4+","Weather"
"Parking Mania","123544576","USD","0.99","9657","4.5","4+","Games"
"Sudoku⁺","1608704","USD","2.99","18332","4.5","4+","Games"
"Starbucks","135032832","USD","0.00","303856","4.5","4+","Food & Drink"
"Scanner Pro - PDF document scanner app with OCR","101346304","USD","3.99","31912","4.5","4+","Business"
"Walgreens – Pharmacy, Photo, Coupons and Shopping","169138176","USD","0.00","88885","4.5","12+","Shopping"
"Runtastic Running, Jogging and Walking Tracker","151388160","USD","0.00","10298","4.5","4+","Health & Fitness"
"Calorie Counter & Diet Tracker by MyFitnessPal","152700928","USD","0.00","507706","4.5","4+","Health & Fitness"
"TurboScan™ Pro - document & receipt scanner: scan multiple pages and photos to PDF","8821760","USD","4.99","28388","5.0","4+","Business"
"IMDb Movies & TV - Trailers and Showtimes","88702976","USD","0.00","183425","4.5","12+","Entertainment"
"Angry Birds","175966208","USD","0.00","824451","4.5","4+","Games"
"Star Chart","28616704","USD","0.00","13482","4.5","4+","Education"
"Plants vs. Zombies","105379840","USD","0.99","426463","5.0","9+","Games"
"Badoo - Meet New People, Chat, Socialize.","157625344","USD","0.00","34428","4.5","17+","Social Networking"
"Flick Kick Field Goal","75612160","USD","1.99","36946","4.5","4+","Games"
"Venmo","68153344","USD","0.00","21090","4.5","4+","Finance"
"MyNetDiary PRO - Calorie Counter and Food Diary","83851264","USD","3.99","15188","4.5","12+","Health & Fitness"
"The Washington Post Classic","118980608","USD","0.00","18572","4.5","12+","News"
"F-Sim Space Shuttle","76394496","USD","4.99","6403","4.5","4+","Games"
"Groupon - Deals, Coupons & Discount Shopping App","127382528","USD","0.00","417779","4.5","12+","Shopping"
"Worms 2: Armageddon","529755136","USD","4.99","9870","4.5","12+","Games"
"Tabs & Chords by Ultimate Guitar - learn and play","103049216","USD","2.99","35045","4.5","4+","Music"
"Solitaire","101943296","USD","0.00","679055","4.5","4+","Games"
"Fruit Ninja Classic","104590336","USD","1.99","698516","4.5","4+","Games"
"Plants vs. Zombies HD","225859584","USD","0.99","163598","5.0","9+","Games"
"Star Walk HD - Night Sky Map","150221824","USD","4.99","6503","4.5","4+","Education"
"iAnnotate PDF","44099584","USD","9.99","11156","4.5","4+","Productivity"
"ArtStudio for iPad - Draw Sketch and Paint","34310144","USD","4.99","8542","4.5","4+","Photo & Video"
"Angry Birds HD","176164864","USD","0.00","89110","4.5","4+","Games"
"Digits, the calculator for humans","4177920","USD","3.99","7825","4.5","4+","Productivity"
"Dictionary.com Dictionary & Thesaurus for iPad","165748736","USD","0.00","54175","4.5","4+","Reference"
"Documents 6 - File manager, PDF reader and browser","107259904","USD","0.00","29110","4.5","17+","Productivity"
"Photo Transfer App - Easy backup of photos+videos","45182976","USD","0.00","15654","4.5","4+","Photo & Video"
"▻Sudoku","71002112","USD","0.00","359832","4.5","4+","Games"
"Runtastic PRO Running, Jogging and Fitness Tracker","149536768","USD","4.99","17667","4.5","4+","Health & Fitness"
"Hotels & Vacation Rentals by Booking.com","105609216","USD","0.00","31261","4.5","4+","Travel"
"Chase Mobile","34950144","USD","0.00","34322","4.5","4+","Finance"
"▻Sudoku +","61595648","USD","4.99","5397","5.0","4+","Games"
"Tango - Free Video Call, Voice and Chat","134848512","USD","0.00","75412","4.5","17+","Social Networking"
"Cat Physics","14824448","USD","1.99","40552","4.5","4+","Games"
"Carcassonne","359192576","USD","9.99","10846","4.5","4+","Games"
"Doodle God™","121715712","USD","1.99","35759","4.5","12+","Games"
"360 Panorama","7954432","USD","1.99","10463","4.5","4+","Photo & Video"
"Diptic","36705280","USD","2.99","7578","4.5","4+","Photo & Video"
"Osmos for iPad","41772032","USD","4.99","24306","4.5","4+","Games"
"Audible – audio books, original series & podcasts","81558528","USD","0.00","105274","4.5","4+","Book"
"Living Earth - Clock & Weather","169009152","USD","2.99","25475","4.5","4+","Utilities"
"Let's create! Pottery HD","175157248","USD","4.99","12787","4.5","4+","Entertainment"
"Ringtones for iPhone & Ringtone Maker","109270016","USD","0.00","25403","4.5","12+","Music"
"Week Calendar","81845248","USD","1.99","7447","4.5","4+","Productivity"
"Stack the States®","132377600","USD","2.99","12833","4.5","4+","Education"
"Flashlight Ⓞ","42027008","USD","0.00","130450","5.0","4+","Utilities"
"Splashtop Personal - Remote Desktop","55986176","USD","4.99","29376","4.5","4+","Business"
"Viber Messenger – Text & Call","129657856","USD","0.00","164249","4.5","4+","Social Networking"
"Osmos","33989632","USD","2.99","14605","4.5","4+","Games"
"shopkick - Shopping Rewards & Discounts","74822656","USD","0.00","130823","4.5","4+","Shopping"
"Ringtone Designer Pro - Create Unlimited Ringtones, Text Tones, Email Alerts, and More!","3462266","USD","0.99","8946","4.5","4+","Music"
"Find My Family, Friends & iPhone - Life360 Locator","154507264","USD","0.00","43877","4.5","4+","Social Networking"
"Dictionary.com Dictionary & Thesaurus Premium","108836864","USD","3.99","11530","4.5","4+","Reference"
"Weibo HD","104387584","USD","0.00","16772","4.5","4+","Social Networking"
"Infinity Blade","624107810","USD","0.99","326482","5.0","12+","Games"
"iSlash","27619328","USD","0.99","33868","4.5","4+","Games"
"Muslim Pro: Ramadan 2017 Prayer Times, Azan, Quran","100551680","USD","0.00","18418","4.5","4+","Reference"
"CamScanner +| PDF Document Scanner and OCR","98450432","USD","0.99","5482","4.5","4+","Productivity"
"Flashlight for iPhone , iPod and iPad","64041984","USD","0.00","26697","4.5","4+","Utilities"
"Instagram","113954816","USD","0.00","2161558","4.5","12+","Photo & Video"
"Spider Solitaire by MobilityWare","39446528","USD","4.99","11154","4.5","4+","Games"
"Lane Splitter","106458112","USD","0.99","44567","4.5","4+","Games"
"Noteshelf","117406720","USD","9.99","7562","4.5","4+","Productivity"
"GroupMe","66864128","USD","0.00","28260","4.5","4+","Social Networking"
"Jenga","97562624","USD","0.00","32527","4.5","4+","Games"
"Zappos: shop shoes & clothes, fast free shipping","70325248","USD","0.00","103655","5.0","4+","Shopping"
"Printer Pro - Print photos, pdf and emails","98820096","USD","6.99","15981","4.5","4+","Productivity"
"Sephora Makeup & Beauty App – Insider Tips & Style","147001344","USD","0.00","15593","4.5","4+","Shopping"
"Battleheart","275481600","USD","2.99","6879","4.5","9+","Games"
"Instant Heart Rate+: Heart Rate & Pulse Monitor","189514752","USD","4.99","10158","4.5","4+","Health & Fitness"
"Age of Zombies™","53805056","USD","0.99","14493","4.5","12+","Games"
"Spider Solitaire Free by MobilityWare","91588608","USD","0.00","128739","4.5","4+","Games"
"Game Dev Story","191455232","USD","4.99","12331","4.5","4+","Games"
"Cartoon Wars 2: Heroes","42482779","USD","0.99","13049","4.5","12+","Games"
"Super Stickman Golf","88879104","USD","2.99","41446","4.5","4+","Games"
"Black Friday 2017 Ads App - BlackFriday.fm","23296000","USD","0.00","8221","4.5","4+","Shopping"
"Hotel Dash Deluxe","50085888","USD","0.99","36190","4.5","4+","Games"
"Backbreaker 2: Vengeance","83214336","USD","0.99","14491","4.5","4+","Games"
"The Calculator - Free and Easy Calculating!","84945920","USD","0.00","99244","4.5","4+","Utilities"
"Gravity Guy","22577152","USD","0.99","35161","4.5","9+","Games"
"Fooducate - Lose Weight, Eat Healthy,Get Motivated","48590848","USD","0.00","11875","4.5","4+","Health & Fitness"
"Merriam-Webster Dictionary","155593728","USD","0.00","16849","4.5","4+","Reference"
"Flick Golf!","59663360","USD","0.99","9948","4.5","4+","Games"
"iHandy Translator Pro","30382080","USD","2.99","5163","4.5","4+","Reference"
"QuakeFeed Earthquake Map, Alerts, and News","70262784","USD","0.00","6081","4.5","4+","Weather"
"Fruit Ninja®","163801088","USD","0.00","327025","4.5","4+","Games"
"Rat On A Skateboard","9458688","USD","1.99","28672","4.5","4+","Games"
"Bloons TD 4","23447492","USD","2.99","8304","4.5","4+","Games"
"SkyView® - Explore the Universe","93429760","USD","1.99","5079","4.5","4+","Education"
"GasBuddy","145240064","USD","0.00","145549","4.5","17+","Travel"
"Capital One Mobile","273259520","USD","0.00","56110","4.5","4+","Finance"
"HotelTonight - Great Deals on Last Minute Hotels","79332352","USD","0.00","32341","4.5","12+","Travel"
"SimplePhysics","8773632","USD","1.99","8981","4.5","9+","Games"
"The Guardian","92966912","USD","0.00","8176","5.0","12+","News"
"Splice - Video Editor + Movie Maker by GoPro","123070464","USD","0.00","28189","4.5","4+","Photo & Video"
"Mad Skills Motocross","16949248","USD","0.99","9341","4.5","12+","Games"
"Sleep Pillow Sounds: white noise, rain, ocean, fan","124150784","USD","2.99","15116","4.5","4+","Health & Fitness"
"Microsoft OneNote","233533440","USD","0.00","39638","4.5","4+","Productivity"
"Scan - QR Code and Barcode Reader","10058752","USD","1.99","12590","4.5","4+","Utilities"
"Carnivores: Ice Age Pro","198701056","USD","2.99","13258","4.5","12+","Games"
"Legendary Wars","247508992","USD","0.99","29739","4.5","9+","Games"
"Home Design 3D - 3D Printing Edition","210538496","USD","6.99","6001","4.5","4+","Productivity"
"WeChat","182624256","USD","0.00","34584","4.5","12+","Social Networking"
"My Verizon","150791168","USD","0.00","126948","4.5","4+","Utilities"
"Meitu","142101504","USD","0.00","6478","5.0","4+","Photo & Video"
"Tiny Wings","30252032","USD","0.99","219418","4.5","4+","Games"
"Bleacher Report: Sports news, scores, & highlights","85283840","USD","0.00","16979","4.5","12+","Sports"
"TuneIn Radio - MLB NBA Audiobooks Podcasts Music","101735424","USD","0.00","110420","4.5","12+","Music"
"Temple Run","65921024","USD","0.00","1724546","4.5","9+","Games"
"Angry Birds Rio","138319872","USD","0.00","170843","4.5","4+","Games"
"Angry Birds Rio HD","226899968","USD","0.00","70122","4.5","4+","Games"
"My Horse","301896704","USD","0.00","293857","4.5","4+","Games"
"Magic Piano by Smule","55030784","USD","0.00","131695","4.5","4+","Music"
"Tiny Tower - Free City Building","124720128","USD","0.00","414803","4.5","12+","Games"
"Chess Pro - with coach","43033600","USD","9.99","10619","5.0","4+","Games"
"Dude Perfect","140165120","USD","0.99","9763","4.5","4+","Games"
"Superbrothers: Sword & Sworcery EP","212580352","USD","3.99","5362","4.5","12+","Games"
"Procreate – Sketch, paint, create.","132968448","USD","5.99","6109","4.5","4+","Entertainment"
"ooVoo – Free Video Call, Text and Voice","113510400","USD","0.00","177501","4.5","4+","Social Networking"
"Pinterest","74778624","USD","0.00","1061624","4.5","12+","Social Networking"
"Flashlight ！","14336000","USD","0.00","35769","4.5","4+","Utilities"
"ROBLOX","115178496","USD","0.00","183621","4.5","12+","Games"
"Dice With Buddies: Fun New Social Dice Game","409732096","USD","2.99","20355","4.5","4+","Games"
"STREET FIGHTER IV VOLT","947195904","USD","4.99","9741","4.5","12+","Games"
"PicFrame","36758528","USD","0.99","6374","4.5","4+","Photo & Video"
"Nyan Cat: Lost In Space","96872448","USD","0.00","76392","4.5","4+","Games"
"Fishing Kings Free+","610881536","USD","0.00","35058","4.5","4+","Games"
"Bike Baron","183046144","USD","1.99","12162","4.5","4+","Games"
"Jelly Defense","299294720","USD","2.99","5058","4.5","4+","Games"
"Domino's Pizza USA","105743360","USD","0.00","258624","5.0","4+","Food & Drink"
"Junk Jack Retro","33743872","USD","2.99","8632","4.5","9+","Games"
"SayHi Translate","26569728","USD","0.00","8623","4.5","4+","Business"
"Tank Hero","16048128","USD","0.99","14361","4.5","9+","Games"
"5K Runner: 0 to 5K Run Trainer. Couch potato to 5K","84338688","USD","4.99","10368","5.0","4+","Health & Fitness"
"Magic Jigsaw Puzzles","235259904","USD","0.00","187666","4.5","4+","Games"
"DragonVale","153074688","USD","0.00","503230","4.5","4+","Games"
"Photo Lab: Picture Editor, effects & fun face app","102964224","USD","0.00","34585","4.5","12+","Photo & Video"
"Modern Combat 3: Fallen Nation","1978085376","USD","6.99","23766","4.5","17+","Games"
"Camera360 - Selfie Filter Camera, Photo Editor","161159168","USD","0.00","16729","4.5","12+","Photo & Video"
"Hotspot Shield Free VPN Proxy & Wi-Fi Privacy","72476672","USD","0.00","32499","4.5","4+","Productivity"
"Racing Penguin Free - Top Flying and Diving Game","79857664","USD","0.00","141224","4.5","4+","Games"
"Fitness Buddy+ Gym Workout Exercise, Home Trainer","224675840","USD","2.99","10386","4.5","4+","Health & Fitness"
"Scribblenauts Remix","209452032","USD","0.99","86127","4.5","9+","Games"
"Phoenix HD","92713984","USD","0.00","13106","4.5","9+","Games"
"FINAL FANTASY TACTICS: THE WAR OF THE LIONS","507508522","USD","13.99","5180","4.5","9+","Games"
"Reckless Getaway","123644928","USD","0.99","18259","4.5","12+","Games"
"Muffin Knight","214679552","USD","0.99","9302","4.5","9+","Games"
"Infinity Blade II","1344401408","USD","0.99","153588","4.5","12+","Games"
"Sprinkle: Water splashing fire fighting fun!","34025472","USD","1.99","10509","4.5","4+","Games"
"Truecaller - Spam Identification & Block","84406272","USD","0.00","27791","4.5","4+","Utilities"
"Pic Collage - Picture Editor & Photo Collage Maker","109210624","USD","0.00","123433","5.0","12+","Photo & Video"
"Where's My Water?","90853376","USD","1.99","131656","4.5","4+","Games"
"Cut the Rope: Experiments","124532736","USD","0.99","63272","4.5","4+","Games"
"Gangstar Rio: City of Saints","1820196864","USD","6.99","14724","4.5","17+","Games"
"Skins Pro Creator for Minecraft","25740288","USD","1.99","7943","4.5","4+","Utilities"
"Flick Home Run !","27196416","USD","0.99","98851","4.5","4+","Games"
"Zombieville USA 2","175780864","USD","0.99","79683","4.5","12+","Games"
"Flick Champions HD","117258240","USD","1.99","7289","4.5","4+","Games"
"Flashlight ◎","37967872","USD","0.00","24744","4.5","4+","Business"
"Real Steel","968384512","USD","0.99","24880","4.5","9+","Games"
"Jetpack Joyride","108813312","USD","0.00","405647","4.5","9+","Games"
"FotoRus -Camera & Photo Editor & Pic Collage Maker","119500800","USD","0.00","32558","5.0","4+","Photo & Video"
"Doodle Jump HD","164236288","USD","2.99","8580","4.5","4+","Games"
"ASOS","141503488","USD","0.00","9725","5.0","4+","Shopping"
"NOAA Hi-Def Radar Pro -  Storm Warnings, Hurricane Tracker & Weather Forecast","27500544","USD","1.99","15809","5.0","4+","Weather"
"Top Eleven 2017 - Be a Soccer Manager","144414720","USD","0.00","14104","4.5","4+","Games"
"Machinarium","258739200","USD","4.99","7919","4.5","12+","Games"
"Twitch","79983616","USD","0.00","109549","4.5","12+","Entertainment"
"Kids Doodle - Movie Kids Color & Draw","21745664","USD","0.00","8025","4.5","4+","Games"
"PINK Nation","86456320","USD","0.00","49816","4.5","12+","Lifestyle"
"Zen Pinball","68499456","USD","0.00","6534","4.5","9+","Games"
"HB2 PLUS","56817664","USD","0.99","54073","5.0","4+","Games"
"The Sims™ FreePlay","695603200","USD","0.00","446880","4.5","12+","Games"
"OfferUp - Buy. Sell. Simple.","73138176","USD","0.00","57348","4.5","4+","Shopping"
"HP All-in-One Printer Remote","60647424","USD","0.00","9819","4.5","4+","Productivity"
"CSR Racing","524803072","USD","0.00","677247","4.5","4+","Games"
"Poshmark: Buy & Sell Fashion","58299392","USD","0.00","18035","4.5","4+","Shopping"
"Call of Duty: Black Ops Zombies","880267264","USD","6.99","116601","4.5","17+","Games"
"Infinite Flight - Flight Simulator","114197504","USD","4.99","7100","4.5","4+","Games"
"Bandsintown Concerts","80923648","USD","0.00","30845","4.5","4+","Music"
"Haunted Halloween Escape","15481361","USD","0.00","11945","4.5","12+","Games"
"N.O.V.A. 3 - Near Orbit Vanguard Alliance","1984958464","USD","6.99","13503","4.5","17+","Games"
"Night Sky","596499456","USD","0.00","12122","4.5","4+","Reference"
"Perfect365 - Custom makeup designs and beauty tips","143038464","USD","0.00","19540","4.5","4+","Lifestyle"
"Photo Lab PRO HD: frames for pictures, face sketch","101117952","USD","4.99","10754","4.5","12+","Photo & Video"
"A Charlie Brown Christmas + iMessage Sticker Pack!","121874432","USD","5.99","6420","4.5","4+","Book"
"Alarm Clock HD Free - Digital Alarm Clock Display","82529280","USD","0.00","54496","4.5","4+","Utilities"
"Etsy: Shop Handmade, Vintage & Creative Goods","120922112","USD","0.00","30434","4.5","4+","Shopping"
"⋆Solitaire","49839104","USD","0.00","106398","4.5","4+","Games"
"Minecraft: Pocket Edition","147787776","USD","6.99","522012","4.5","9+","Games"
"Bejeweled Classic","99593216","USD","0.00","183259","4.5","4+","Games"
"Canvas by Instructure","138883072","USD","0.00","19981","4.5","4+","Education"
"Ice Rage","71846912","USD","1.99","11190","4.5","4+","Games"
"Roku","46033920","USD","0.00","16867","4.5","4+","Entertainment"
"Akinator the Genie","93021184","USD","1.99","26333","4.5","12+","Entertainment"
"Cytus","1560187904","USD","1.99","7925","5.0","4+","Games"
"Weather Underground: Custom Forecast & Local Radar","99829760","USD","0.00","49192","4.5","4+","Weather"
"Calculator‰","16766976","USD","0.00","36879","4.5","4+","Utilities"
"Lep's World Free - platformer games","60937216","USD","0.00","38075","4.5","4+","Games"
"Airport Scanner","226961408","USD","1.99","12701","4.5","12+","Games"
"Head Soccer","121319424","USD","0.00","481564","5.0","4+","Games"
"Calculator HD Free","68090880","USD","0.00","14986","4.5","4+","Utilities"
"Lep's World Plus - super best platformer games","42897408","USD","0.99","30830","4.5","4+","Games"
"Draw Something","84379648","USD","2.99","360974","4.5","4+","Games"
"happn — Dating app — Find and meet your crush","78902272","USD","0.00","20546","4.5","17+","Lifestyle"
"Action Movie FX","142996480","USD","0.00","101222","4.5","9+","Entertainment"
"Hatchi - A retro virtual pet","85693440","USD","0.99","14381","4.5","4+","Games"
"Fresh Tracks Snowboarding","104357888","USD","0.00","10107","4.5","4+","Games"
"The CW","30552064","USD","0.00","97368","4.5","12+","Entertainment"
"Headspace","121170944","USD","0.00","12819","5.0","4+","Health & Fitness"
"edjing Mix:DJ turntable to remix and scratch music","144888832","USD","0.00","13580","4.5","4+","Music"
"Highway Rider","169675776","USD","0.00","164377","4.5","12+","Games"
"Jigsaw Puzzle","104091648","USD","0.00","138726","4.5","4+","Games"
"VS. Racing 2","58599424","USD","0.00","20805","4.5","4+","Games"
"Catapult King","210625536","USD","0.99","12799","4.5","9+","Games"
"Clear Vision (17+)","37879808","USD","0.99","541693","4.5","17+","Games"
"▻Solitaire","58882048","USD","0.00","124618","4.5","4+","Games"
"Regal Cinemas","76895232","USD","0.00","13257","4.5","4+","Entertainment"
"Ski Safari","161255424","USD","0.99","45121","5.0","4+","Games"
"Bridge Constructor","145968128","USD","1.99","11187","4.5","4+","Games"
"Emoji>","130970624","USD","0.00","55338","4.5","9+","Entertainment"
"Emoji - inTextMoji Pro ;)","130950144","USD","0.99","7204","4.5","9+","Entertainment"
"Hay Day","113641472","USD","0.00","567344","4.5","4+","Games"
"Google Drive - free online storage","185695232","USD","0.00","59255","4.5","4+","Productivity"
"Pic Jointer – Photo Collage, Camera Effects Editor","81019904","USD","0.00","51330","4.5","4+","Photo & Video"
"Smule Sing!","109940736","USD","0.00","119316","4.5","9+","Music"
"Bike Race Pro - Top Motorcycle Racing Game","119231488","USD","0.99","26881","4.5","4+","Games"
"Bike Race - Top Motorcycle Racing Games","120187904","USD","0.00","405007","4.5","4+","Games"
"Amazon Music","77778944","USD","0.00","106235","4.5","4+","Music"
"Extreme Fishing 2 Free","54148397","USD","0.00","12002","4.5","4+","Games"
"Flipagram","84792320","USD","0.00","79905","4.5","12+","Photo & Video"
"Subway Surfers","156038144","USD","0.00","706110","4.5","9+","Games"
"Home Design 3D GOLD","207154176","USD","9.99","9889","4.5","4+","Productivity"
"Offroad Legends","96497664","USD","0.99","22281","4.5","4+","Games"
"Bejeweled Classic HD","151254016","USD","0.00","70926","4.5","4+","Games"
"You Doodle - draw on photos & pictures, add text","72188928","USD","0.00","8520","4.5","4+","Photo & Video"
"FreePrints – Photos Delivered","112790528","USD","0.00","26060","5.0","4+","Photo & Video"
"Credit Karma: Free Credit Scores, Reports & Alerts","95494144","USD","0.00","101679","5.0","4+","Finance"
"The Sandbox - Building & Crafting a Pixel World!","171482112","USD","0.00","41108","4.5","4+","Games"
"RetailMeNot Shopping Deals, Coupons, Savings","133086208","USD","0.00","18544","4.5","4+","Shopping"
"My Singing Monsters","240521216","USD","0.00","130519","4.5","4+","Games"
"PIP Camera-Selfie Cam&Pic Collage&Photo Editor","74172416","USD","0.00","8454","4.5","4+","Photo & Video"
"Slots - Pharaoh's Way","76591104","USD","0.00","69610","4.5","12+","Games"
"Remind: Fast, Efficient School Messaging","117131264","USD","0.00","9796","4.5","4+","Education"
"The Amazing Spider-Man","829148559","USD","6.99","17895","4.5","12+","Games"
"My Mixtapez Music","84864000","USD","0.00","26286","4.5","12+","Music"
"Plague Inc.","95603712","USD","0.99","143285","4.5","12+","Games"
"Flow Free","20669440","USD","0.00","373857","4.5","4+","Games"
"Sworkit - Custom Workouts for Exercise & Fitness","143166464","USD","0.00","16819","5.0","4+","Health & Fitness"
"Fieldrunners 2","89068544","USD","2.99","14214","5.0","9+","Games"
"Photo Editor by Aviary","36269056","USD","0.00","39501","4.5","12+","Photo & Video"
"Where's My Perry?","126416896","USD","2.99","24314","4.5","4+","Games"
"Seeds Pro For Minecraft - Server, Skins, Community","29258752","USD","1.99","12770","4.5","9+","Games"
"Granny Smith","68317184","USD","1.99","8568","4.5","4+","Games"
"Lep's World 2 Plus - super best platformer games","66832384","USD","0.99","8404","4.5","4+","Games"
"Lyft","157950976","USD","0.00","46922","4.5","4+","Travel"
"Clash of Clans","116476928","USD","0.00","2130805","4.5","9+","Games"
"Zombie Tsunami","115895296","USD","0.00","31311","4.5","4+","Games"
"Wish - Shopping Made Fun","48428032","USD","0.00","141960","4.5","12+","Shopping"
"LiveCollage Pro-Photo Collage Maker&Photo Editor","88022016","USD","1.99","12319","4.5","4+","Photo & Video"
"Photo Collage Maker & Photo Editor - Live Collage","94266368","USD","0.00","93781","4.5","4+","Photo & Video"
"Trigger Fist","144196155","USD","0.00","69624","4.5","12+","Games"
"Talking Ginger for iPad","79683584","USD","0.00","20065","4.5","4+","Entertainment"
"Dragon Island Blue","53772288","USD","0.99","9119","5.0","9+","Games"
"DEAD TRIGGER","301228032","USD","0.00","78918","4.5","17+","Games"
"MY LITTLE PONY: Magic Princess Quests","107032576","USD","0.00","65201","4.5","4+","Games"
"Bad Piggies","260106240","USD","0.00","26259","4.5","4+","Games"
"Snail Bob","210245632","USD","0.99","9453","4.5","4+","Games"
"Bubble Mania™","189151232","USD","0.00","122081","4.5","4+","Games"
"BADLAND","222380032","USD","2.99","21325","4.5","9+","Games"
"Certified Mixtapes - Hip Hop Albums & Mixtapes","41123840","USD","0.00","9975","4.5","12+","Music"
"Hungry Shark Evolution","320535552","USD","0.00","83784","4.5","12+","Games"
"Into the Dead","171828224","USD","0.00","32492","4.5","12+","Games"
"Fitstar Personal Trainer","50043904","USD","0.00","7496","4.5","4+","Health & Fitness"
"Over— Edit Photos, Add Text & Captions to Pictures","109300736","USD","0.00","16221","4.5","4+","Photo & Video"
"Full Fitness : Exercise Workout Trainer","104803328","USD","2.99","7573","4.5","4+","Health & Fitness"
"Bastion","1281059840","USD","4.99","14247","4.5","12+","Games"
"Rayman Jungle Run","78690304","USD","2.99","25517","4.5","9+","Games"
"Big Fish Casino – Best Vegas Slot Machines & Games","108107776","USD","0.00","113959","4.5","12+","Games"
"We Heart It - Fashion, wallpapers, quotes, tattoos","79953920","USD","0.00","90414","5.0","12+","Social Networking"
"Tiny Wings HD","28681216","USD","2.99","12181","4.5","4+","Games"
"Robot Unicorn Attack 2","106917888","USD","0.00","21432","4.5","9+","Games"
"8 Ball Pool™","86776832","USD","0.00","416736","4.5","4+","Games"
"Photo Grid - photo collage maker & photo editor","112073728","USD","0.00","40531","4.5","4+","Photo & Video"
"Shopular Coupons, Weekly Deals for Target, Walmart","52582400","USD","0.00","22729","5.0","4+","Shopping"
"Bad Piggies HD","260040704","USD","0.00","19018","4.5","4+","Games"
"Quizlet: Study Flashcards, Languages & Vocabulary","95381504","USD","0.00","16683","4.5","4+","Education"
"Photo Editor-","46732288","USD","0.00","9095","4.5","4+","Photo & Video"
"Bingo!™","236914688","USD","0.00","56852","4.5","12+","Games"
"Traffic Racer","132160512","USD","0.00","22458","4.5","4+","Games"
"Karaoke - Sing Karaoke, Unlimited Songs!","95711232","USD","0.00","28606","4.5","4+","Music"
"Slayin","22982656","USD","0.99","45574","4.5","12+","Games"
"Super Hexagon","33219584","USD","2.99","10748","4.5","4+","Games"
"Word Chums","90521600","USD","3.99","11536","5.0","4+","Games"
"The Room","338273280","USD","0.99","143908","5.0","9+","Games"
"Followers - Social Analytics For Instagram","59160576","USD","0.00","112778","4.5","4+","Social Networking"
"ClassDojo","80195584","USD","0.00","35440","4.5","4+","Education"
"Candy Crush Saga","222846976","USD","0.00","961794","4.5","4+","Games"
"Earn to Die","56385536","USD","0.99","6977","4.5","12+","Games"
"Real Racing 3","874184704","USD","0.00","164483","4.5","4+","Games"
"Tiny Scanner+ - PDF scanner to scan document, receipt & fax","57836544","USD","4.99","5611","5.0","4+","Business"
"Angry Birds Star Wars","177338368","USD","0.00","34138","4.5","4+","Games"
"Angry Birds Star Wars HD","212249600","USD","0.00","22674","4.5","4+","Games"
"InsTrack for Instagram - Analytics Plus More","14225408","USD","0.00","85535","4.5","4+","Social Networking"
"Ibotta: Cash Back App, Grocery Coupons & Shopping","192774144","USD","0.00","44313","4.5","12+","Shopping"
"Mini Golf Stars! Retro Golf Game","224983040","USD","0.00","9411","4.5","17+","Games"
"Clumsy Ninja","255400960","USD","0.00","123032","4.5","4+","Games"
"Dragon City Mobile","123612160","USD","0.00","277268","4.5","4+","Games"
"Bloons TD 5","113020928","USD","2.99","42078","4.5","9+","Games"
"Hill Climb Racing","108322816","USD","0.00","108183","4.5","9+","Games"
"Backflip Madness","17436862","USD","0.99","11687","4.5","9+","Games"
"Fit Brains Trainer","188902400","USD","0.00","46363","4.5","4+","Education"
"Bloons TD 5 HD","217499648","USD","2.99","28341","4.5","9+","Games"
"e-Sword HD: Bible Study Made Easy","20587520","USD","4.99","7309","5.0","4+","Reference"
"Sonic Jump™","104692736","USD","2.99","8661","4.5","4+","Games"
"Yoga Studio","162386944","USD","4.99","28439","5.0","4+","Health & Fitness"
"Pudding Monsters","35096576","USD","0.99","10703","4.5","4+","Games"
"Toca Hair Salon 2","99796992","USD","2.99","23349","4.5","4+","Education"
"Duolingo - Learn Spanish, French and more","89782272","USD","0.00","162701","4.5","4+","Education"
"Repost for Instagram","46076928","USD","0.00","15185","4.5","12+","Social Networking"
"FOX NOW - Watch Full Episodes and Stream Live TV","56974336","USD","0.00","39391","4.5","4+","Entertainment"
"Gangstar Vegas","2088777728","USD","0.00","46705","4.5","17+","Games"
"Slender Rising","228978688","USD","2.99","5214","4.5","12+","Games"
"365Scores","129219584","USD","0.00","9879","4.5","4+","Sports"
"Temple Run 2","158025728","USD","0.00","295211","4.5","9+","Games"
"Beat the Boss 2","205271040","USD","0.00","117338","4.5","12+","Games"
"Afterlight","76231680","USD","0.99","14057","4.5","4+","Photo & Video"
"Beat the Boss 2 (17+)","205250560","USD","0.99","17203","4.5","17+","Games"
"iGun Pro HD - The Original Gun Application","69952512","USD","0.00","22324","4.5","12+","Games"
"Sky Gamblers: Storm Raiders","1820131328","USD","4.99","18822","4.5","12+","Games"
"LINE PLAY - Your Avatar World","108691456","USD","0.00","34677","4.5","4+","Social Networking"
"Injustice: Gods Among Us","1829599232","USD","0.00","612532","4.5","12+","Games"
"InstaLogo Logo Creator - Graphic design maker","123656192","USD","2.99","6263","4.5","4+","Business"
"Sky Guide: View Stars Night or Day","175430656","USD","2.99","22100","5.0","4+","Reference"
"Lumosity - Brain Training","214962176","USD","0.00","96534","4.5","4+","Education"
"Retrica - Selfie Camera with Filter, Sticker & GIF","112688128","USD","0.00","11021","4.5","4+","Photo & Video"
"Fish Out Of Water!","72671232","USD","0.99","11000","4.5","4+","Games"
"MyScript Calculator - Handwriting calculator","21319680","USD","0.00","16555","4.5","4+","Productivity"
"Blitz Brigade: Multiplayer FPS shooter online!","1024388096","USD","0.00","41266","4.5","17+","Games"
"Megapolis","136165376","USD","0.00","28902","4.5","4+","Games"
"The Silent Age","1522363392","USD","0.00","16852","4.5","12+","Games"
"Sonic Dash","186687488","USD","0.00","418033","4.5","4+","Games"
"SeatGeek – Tickets to Sports, Concerts & Broadway","68196352","USD","0.00","6088","4.5","4+","Entertainment"
"Deer Hunter Classic","185881600","USD","0.00","179111","4.5","17+","Games"
"Google Maps - Navigation & Transit","120232960","USD","0.00","154911","4.5","12+","Navigation"
"Super Stickman Golf 2","96925696","USD","0.00","46859","4.5","4+","Games"
"Block Fortress","343504896","USD","1.99","15430","4.5","12+","Games"
"ABCmouse.com - Early Learning Academy","266735616","USD","0.00","18749","4.5","4+","Education"
"Microsoft Word","334425088","USD","0.00","47999","4.5","4+","Productivity"
"Microsoft Excel","323411968","USD","0.00","24430","4.5","4+","Productivity"
"PicsArt Photo Studio: Collage Maker & Pic Editor","124726272","USD","0.00","29078","4.5","12+","Photo & Video"
"Plant Nanny - Water Reminder with Cute Plants","74738688","USD","0.00","27421","4.5","4+","Health & Fitness"
"Musi - Unlimited Music For YouTube","16686080","USD","0.00","25193","4.5","17+","Music"
"Endless Alphabet","76482560","USD","8.99","10534","5.0","4+","Education"
"CARROT To-Do - Talking Task List","7669760","USD","2.99","11322","5.0","9+","Productivity"
"Solitaire·","24890368","USD","0.00","66002","4.5","4+","Games"
"Pearl's Peril - Hidden Object Adventures","278532096","USD","0.00","41428","4.5","9+","Games"
"4 Pics 1 Word","131642368","USD","0.00","80308","4.5","12+","Games"
"Despicable Me: Minion Rush","147123200","USD","0.00","464312","4.5","9+","Games"
"Real Basketball","70336512","USD","0.00","198050","4.5","4+","Games"
"Plants vs. Zombies™ 2","98507776","USD","0.00","267394","4.5","9+","Games"
"Clear Vision 2","34690172","USD","0.99","10477","4.5","17+","Games"
"Kingdom Rush Frontiers","292712448","USD","1.99","6419","4.5","9+","Games"
"Kingdom Rush Frontiers HD","438824960","USD","2.99","11447","5.0","9+","Games"
"CSR Classics","1080938496","USD","0.00","43770","4.5","4+","Games"
"Mr. Crab","133768192","USD","0.00","9875","4.5","4+","Games"
"FanDuel - Daily Fantasy Baseball, Golf & Sports","89138176","USD","0.00","8014","4.5","17+","Sports"
"School of Chaos Online MMORPG","209825792","USD","0.00","5237","4.5","12+","Games"
"Pictoword: Fun 2 Pics Guess What's the Word Trivia","126216192","USD","0.00","186089","5.0","4+","Games"
"Junk Jack","161118208","USD","4.99","6891","4.5","4+","Games"
"Ridiculous Fishing - A Tale of Redemption","49524736","USD","2.99","9095","4.5","12+","Games"
"Cover Orange 2: Journey","84934656","USD","0.99","10604","4.5","4+","Games"
"CVS","78570496","USD","0.00","12402","4.5","17+","Shopping"
"Smash Hit","97505280","USD","0.00","126233","4.5","4+","Games"
"Iron Force","124666880","USD","0.00","141634","5.0","17+","Games"
"Facetune","61157376","USD","3.99","7643","4.5","4+","Photo & Video"
"Solitaire Classic Card Game™","141391872","USD","0.00","22079","4.5","4+","Games"
"RPG AVABEL ONLINE","135512064","USD","0.00","10514","4.5","9+","Games"
"MOLDIV - Photo Editor, Collage & Beauty Camera","120056832","USD","0.00","39501","4.5","4+","Photo & Video"
"Farm Heroes Saga","262421504","USD","0.00","187579","4.5","4+","Games"
"X-War: Clash of Zombies","42917888","USD","0.00","17254","5.0","9+","Games"
"Cut the Rope: Time Travel","67177472","USD","0.99","9003","5.0","4+","Games"
"Asphalt 8: Airborne","1777940480","USD","0.00","188568","4.5","12+","Games"
"InstaMag - Free Pic and Photo Collage Maker","95378432","USD","0.00","16221","4.5","4+","Photo & Video"
"Videoshop - Video Editor","140902400","USD","1.99","57878","4.5","4+","Photo & Video"
"Village Life: Love, Marriage and Babies","502828032","USD","0.00","116620","4.5","4+","Games"
"BeautyPlus - Selfie Camera for a Beautiful Image","128229376","USD","0.00","7503","5.0","4+","Photo & Video"
"Talking Ginger 2","81372160","USD","0.00","8311","4.5","4+","Entertainment"
"Heads Up!","90467328","USD","0.99","9567","4.5","12+","Games"
"Bloons TD Battles","107245568","USD","0.00","67861","4.5","9+","Games"
"Geometry Dash","83931136","USD","1.99","266440","5.0","4+","Games"
"MLB.com Home Run Derby 17","232590336","USD","0.00","100035","4.5","4+","Games"
"Faded - Photo Editor","118618112","USD","1.99","24530","4.5","4+","Photo & Video"
"Yahoo Weather","123047936","USD","0.00","112603","4.5","4+","Weather"
"Close Up Pics Quiz - Guess the Word Trivia Games","95661056","USD","0.00","48032","4.5","4+","Games"
"Tetris® Blitz","131477504","USD","0.00","122868","4.5","4+","Games"
"Duet Game","87994368","USD","2.99","14407","5.0","4+","Games"
"Sniper Shooter: Gun Shooting Games","113509376","USD","0.00","134080","5.0","12+","Games"
"Memrise: learn languages","83949568","USD","0.00","20383","5.0","4+","Education"
"RUNNING for weight loss: workout & meal plans","110701568","USD","0.00","6407","4.5","4+","Health & Fitness"
"Township","175876096","USD","0.00","80801","4.5","4+","Games"
"Dumb Ways to Die","842893312","USD","0.00","151559","4.5","12+","Games"
"Pixel Gun 3D","1744486400","USD","0.00","301182","4.5","12+","Games"
"Nextdoor","82531328","USD","0.00","14402","4.5","4+","Social Networking"
"Terraria","126036992","USD","4.99","98036","4.5","9+","Games"
"Tayasui Sketches","198511616","USD","0.00","11505","4.5","4+","Productivity"
"Spinrilla - Mixtapes For Free","40071168","USD","0.00","15053","4.5","12+","Music"
"Jigsaw Puzzle Collection HD","86220800","USD","0.00","40227","4.5","12+","Games"
"Verizon Cloud","104749056","USD","0.00","6482","4.5","4+","Productivity"
"Solitaire Deluxe® Social - Classic, Spider, more","112141312","USD","0.00","6970","4.5","4+","Games"
"Evil Apples: A Filthy Adult Card & Party Game","126050304","USD","0.00","53415","4.5","17+","Games"
"Word Swag - Cool fonts & typography generator","112843776","USD","4.99","9731","5.0","4+","Photo & Video"
"Angry Birds Star Wars II","226834432","USD","0.00","33724","4.5","4+","Games"
"Monogram - Wallpaper & Backgrounds Maker HD DIY with Glitter Themes","85420032","USD","0.00","7427","4.5","4+","Lifestyle"
"Happy Wheels","38466560","USD","0.00","60601","4.5","17+","Games"
"Seven - 7 Minute Workout Training Challenge","142803968","USD","0.00","6808","4.5","4+","Health & Fitness"
"Battle Camp HD - Collect & Evolve Your Monsters","335650816","USD","0.00","6055","4.5","4+","Games"
"FollowMeter for Instagram - Followers Tracking","11819008","USD","0.00","11976","4.5","4+","Social Networking"
"Trivia Crack","265484288","USD","0.00","393469","4.5","4+","Games"
"Toca Builders","87713792","USD","2.99","5102","4.5","4+","Education"
"100 PICS Quiz - guess the picture trivia games","67786752","USD","0.00","23160","4.5","4+","Games"
"Monster Legends RPG - War, Fight & Heroes Game","170844160","USD","0.00","111579","4.5","9+","Games"
"Charades!™","44654592","USD","0.00","18072","4.5","4+","Games"
"Breach & Clear","1015242752","USD","3.99","5513","4.5","17+","Games"
"Modern Combat 5 : The Multiplayer eSports Shooter","1271361536","USD","0.00","45270","4.5","17+","Games"
"LIMBO","135050240","USD","4.99","15030","4.5","12+","Games"
"Episode - Choose Your Story","182361088","USD","0.00","155903","4.5","12+","Games"
"Clue Period Tracker: Period & Ovulation Tracker","103040000","USD","0.00","13436","4.5","12+","Health & Fitness"
"My Talking Tom","255747072","USD","0.00","123859","4.5","4+","Games"
"Rayman Fiesta Run","146302976","USD","2.99","5078","4.5","4+","Games"
"Can You Escape","64293888","USD","0.00","218024","4.5","4+","Games"
"Trials Frontier","253294592","USD","0.00","29090","4.5","12+","Games"
"Real Steel World Robot Boxing","935366656","USD","0.00","41277","4.5","9+","Games"
"My Talking Pet","51005440","USD","1.99","9035","4.5","4+","Entertainment"
"Fishdom","181924864","USD","0.00","39217","4.5","4+","Games"
"Hunter Island: Monsters & Dragons","91312128","USD","0.99","5305","4.5","9+","Games"
"The Room Two","460077056","USD","1.99","36809","5.0","9+","Games"
"Ninja Kid Run VR: Runner & Racing Games For Free","165612544","USD","0.00","15399","4.5","4+","Games"
"Vainglory","1182578688","USD","0.00","23779","4.5","9+","Games"
"Boom Beach","153955328","USD","0.00","241929","4.5","9+","Games"
"WGT Golf Game by Topgolf","250150912","USD","0.00","53285","4.5","17+","Games"
"MARVEL Spider-Man Unlimited","906462208","USD","0.00","64586","4.5","12+","Games"
"Skip-Bo™ Pro - The Classic Family Card Game","93094912","USD","1.99","10239","4.5","4+","Games"
"Candy Blast Mania","240198656","USD","0.00","81648","4.5","4+","Games"
"Gods Of Rome","958016512","USD","0.00","5526","4.5","12+","Games"
"Batman: Arkham Origins","910774272","USD","0.00","27738","4.5","9+","Games"
"Cut the Rope 2","141105152","USD","1.99","12376","4.5","4+","Games"
"Fairway Solitaire Blast","124966912","USD","0.00","110062","4.5","4+","Games"
"Cops N Robbers (FPS) - Block Survival Multiplayer","467697664","USD","0.00","27122","4.5","12+","Games"
"Stop - Fun Categories Word Game","104550400","USD","0.00","8516","4.5","12+","Games"
"République","3646993408","USD","1.99","7078","4.5","12+","Games"
"PicLab Studio - Creative Editing & Graphic Design","53941248","USD","2.99","20200","4.5","4+","Photo & Video"
"Cascade: Fun Spin and Match Puzzle Game","98864128","USD","0.00","60488","4.5","4+","Games"
"Font Candy+ Typography - Editor Add Text To Photos","101650432","USD","2.99","9021","4.5","4+","Photo & Video"
"Frozen Free Fall","272471040","USD","0.00","50593","4.5","4+","Games"
"Assassin's Creed Pirates","775233536","USD","0.00","23895","4.5","12+","Games"
"Capital One for iPad","92510208","USD","0.00","21858","4.5","4+","Finance"
"Quik – GoPro Video Editor to edit clips with music","211343360","USD","0.00","28654","4.5","4+","Photo & Video"
"Ace Fishing: Wild Catch","224596992","USD","0.00","65831","4.5","4+","Games"
"Shadow Fight 2","144713728","USD","0.00","99206","4.5","12+","Games"
"Calendars 5 - Daily Planner and Task Manager","76848128","USD","6.99","11768","4.5","4+","Productivity"
"Flick Kick Football Legends","109421568","USD","0.00","11250","4.5","12+","Games"
"Geometry Dash Lite","69076992","USD","0.00","370370","5.0","4+","Games"
"Deemo","2219819008","USD","1.99","15855","5.0","4+","Games"
"Panda Pop","263766016","USD","0.00","41214","4.5","4+","Games"
"Ever - Capture Your Memories","134952960","USD","0.00","12755","4.5","4+","Productivity"
"Royal Revolt 2 – Defend Your Castle","146573312","USD","0.00","25152","4.5","9+","Games"
"My Boo - Virtual Pet with Mini Games for Kids","105143296","USD","0.00","55783","4.5","4+","Games"
"WordBrain","110595072","USD","0.00","391401","4.5","4+","Games"
"DraftKings - Daily Fantasy Golf, Baseball, & More","144820224","USD","0.00","20251","4.5","17+","Sports"
"Forge of Empires","138510336","USD","0.00","15617","4.5","9+","Games"
"Square Cash - Send Money for Free","90040320","USD","0.00","23775","4.5","4+","Finance"
"Cooking Fever","106808320","USD","0.00","107797","4.5","4+","Games"
"Force Saber of Light","60180480","USD","0.00","5424","4.5","4+","Entertainment"
"Fantastical 2 for iPhone - Calendar and Reminders","45045760","USD","4.99","5405","4.5","4+","Productivity"
"Swamp Attack","123780096","USD","0.00","16968","4.5","17+","Games"
"QuizUp™","139014144","USD","0.00","72989","4.5","12+","Games"
"Epic! - Unlimited Books for Kids","166014976","USD","0.00","6676","4.5","4+","Education"
"DoorDash - Food Delivery","100554752","USD","0.00","25947","4.5","4+","Food & Drink"
"Optical Inquisitor 17+","54808576","USD","0.99","12099","5.0","17+","Games"
"Hidden City®: Mystery of Shadows","103477248","USD","0.00","37304","4.5","9+","Games"
"Ebates: Cash Back, Coupons & Rebate Shopping App","108079104","USD","0.00","12617","5.0","4+","Shopping"
"Trivia Crack (No Ads)","247385088","USD","2.99","77370","4.5","4+","Games"
"Lep's World 3","85154816","USD","0.00","11341","4.5","4+","Games"
"Flipp - Weekly Ads, Shopping List, and Coupons","92380160","USD","0.00","6677","4.5","4+","Shopping"
"Cookie Jam","148408320","USD","0.00","52831","4.5","4+","Games"
"Monument Valley","673243136","USD","3.99","24909","4.5","4+","Games"
"ProCam 4 - Manual Camera + RAW","45063168","USD","4.99","5150","4.5","4+","Photo & Video"
"Christmas Dentist Doctor Kid Games (Girls & Boys)","38051840","USD","0.00","6917","4.5","4+","Games"
"Hitman GO","1098042368","USD","4.99","8673","4.5","9+","Games"
"Xbox","111777792","USD","0.00","72187","4.5","12+","Entertainment"
"A Dark Room","26759168","USD","0.99","29540","4.5","12+","Games"
"VivaVideo - Best Video Editor & Photo Movie Maker","136221696","USD","0.00","10618","4.5","4+","Photo & Video"
"Blek","118883328","USD","2.99","20144","4.5","4+","Games"
"PDF Expert 6: Read, annotate & edit PDF documents","123600896","USD","9.99","15248","4.5","4+","Productivity"
"Wallpapers for Me - Themes & Background Images","80015360","USD","0.00","16925","4.5","4+","Entertainment"
"Pimp Your Screen - Custom Themes & Wallpapers","81352704","USD","1.99","6424","4.5","4+","Lifestyle"
"Weather Live - Weather Forecast, Radar and Alerts","57539584","USD","4.99","28497","4.5","4+","Weather"
"Weather Live Free - Weather Forecast & Alerts","101524480","USD","0.00","35702","4.5","4+","Weather"
"Calculator Pro for iPad - Scientific Calculator","68042752","USD","2.99","6645","4.5","4+","Utilities"
"Calculator Pro for iPad Free - Smart Calculator","89096192","USD","0.00","47803","4.5","4+","Utilities"
"Notepad+: Take Notes, Annotate and Write on PDF","63457280","USD","14.99","6288","4.5","4+","Productivity"
"NOAA Radar Pro – Weather Alerts & Forecast","82765824","USD","3.99","28032","4.5","4+","Weather"
"NOAA Weather Radar - Weather Forecast & HD Radar","108172288","USD","0.00","45696","4.5","4+","Weather"
"Skyline Skaters","155365376","USD","0.00","11785","4.5","4+","Games"
"Pakka Pets Village - Build a Cute Virtual Pet Town","205014016","USD","0.00","11933","4.5","4+","Games"
"Angry Birds Epic RPG","581533696","USD","0.00","84680","4.5","4+","Games"
"Criminal Case","131917824","USD","0.00","63291","4.5","12+","Games"
"Bowling King","174499840","USD","0.00","60271","4.5","4+","Games"
"WWE SuperCard","395563008","USD","0.00","13842","4.5","9+","Games"
"Shadowmatic","314895360","USD","3.99","6136","4.5","4+","Games"
"Dungeon Boss","169657344","USD","0.00","20980","4.5","9+","Games"
"ChineseSkill -Learn Mandarin Chinese Language Free","174596096","USD","0.00","6077","5.0","4+","Education"
"GoodNotes 4 - Notes & PDF","195221504","USD","7.99","7004","4.5","4+","Productivity"
"Threes!","93796352","USD","2.99","18494","4.5","4+","Games"
"Heart of Vegas Slots – Casino Slot Machine Games","96088064","USD","0.00","19355","4.5","12+","Games"
"Mixgram - Picture Collage Maker - Pic Photo Editor","90218496","USD","0.00","54282","4.5","4+","Photo & Video"
"Block Сity Wars: game and skin export to minecraft","793368576","USD","0.00","13097","4.5","17+","Games"
"Jurassic World™: The Game","482223104","USD","0.00","149138","4.5","4+","Games"
"Logos Quiz -Guess the most famous brands, new fun!","72567808","USD","0.00","58640","5.0","4+","Games"
"Crazy Taxi™ City Rush","237275136","USD","0.00","22877","4.5","4+","Games"
"Disco Zoo","116933632","USD","0.00","24999","4.5","4+","Games"
"Mimitos Virtual cat with minigames","59750400","USD","0.00","8899","4.5","12+","Games"
"Rookie Cam - Photo Editor & Filter Camera","110953472","USD","0.00","33921","4.5","4+","Photo & Video"
"Words with Friends – Best Word Game","183009280","USD","0.00","160668","4.5","4+","Games"
"Speak & Translate － Voice and Text Translator","78640128","USD","0.00","12062","4.5","4+","Productivity"
"Crazy Kitchen","196248576","USD","0.00","30704","5.0","4+","Games"
"War Robots","600535040","USD","0.00","97122","4.5","12+","Games"
"Peak - Brain Training","254793728","USD","0.00","20322","4.5","4+","Education"
"Godus","167555072","USD","0.00","81311","4.5","4+","Games"
"PKTBALL - Endless Arcade Smash Sport","123222016","USD","0.00","5492","4.5","4+","Games"
"Soccer Stars™","67262464","USD","0.00","43216","4.5","4+","Games"
"Gummy Drop! – A Match 3 Puzzle Game","123356160","USD","0.00","59158","4.5","4+","Games"
"Leo's Fortune","96093184","USD","4.99","6776","4.5","9+","Games"
"Flappy Golf","98557952","USD","0.00","14995","4.5","4+","Games"
"musical.ly - your video social network","173910016","USD","0.00","105429","4.5","12+","Photo & Video"
"MMX Racing","836734976","USD","0.00","12854","4.5","4+","Games"
"Wishbone - Compare Anything","117052416","USD","0.00","20649","4.5","12+","Social Networking"
"Wayfair - Shop Furniture, Home Decor, Daily Sales","165069824","USD","0.00","12578","5.0","4+","Shopping"
"Family Guy: The Quest for Stuff","131257344","USD","0.00","104060","4.5","17+","Games"
"Sunken Secrets","180488192","USD","0.00","10849","4.5","4+","Games"
"Make It Rain: The Love of Money","169664512","USD","0.00","27556","4.5","4+","Games"
"2048","15536128","USD","0.00","157882","4.5","4+","Games"
"Windy ~ Sleep Relax Meditate & white noise sounds","95154176","USD","1.99","5285","4.5","4+","Health & Fitness"
"Google Docs","199993344","USD","0.00","64259","4.5","4+","Productivity"
"Google Sheets","292418560","USD","0.00","24602","4.5","4+","Productivity"
"Funimate video editor: add cool effects to videos","104902656","USD","0.00","123268","4.5","12+","Photo & Video"
"Zombie Catchers","103388160","USD","0.00","16805","4.5","12+","Games"
"Score! Hero","170775552","USD","0.00","85395","4.5","4+","Games"
"Star Wars™: Commander","187205632","USD","0.00","253448","4.5","9+","Games"
"Piano Tiles (Don't Tap The White Tile)","22286336","USD","0.00","172686","4.5","4+","Games"
"100 Balls","23143424","USD","0.00","30967","4.5","4+","Games"
"Candy Crush Soda Saga","241862656","USD","0.00","133394","4.5","4+","Games"
"The Impossible Letter Game","25113600","USD","0.00","6956","4.5","4+","Games"
"Red Ball 4","105723904","USD","0.99","9818","4.5","4+","Games"
"Pet Buddies HD","108698624","USD","0.00","8227","4.5","4+","Games"
"No Brakes","21550080","USD","0.00","6865","4.5","4+","Games"
"Sounds app - Music And Friends","132413440","USD","0.00","5126","4.5","12+","Music"
"Looney Tunes Dash!","179526656","USD","0.00","25806","4.5","9+","Games"
"Summoners War","38124544","USD","0.00","137122","4.5","12+","Games"
"MADDEN NFL Mobile","147190784","USD","0.00","230289","4.5","4+","Games"
"World of Tanks Blitz","2952593408","USD","0.00","41729","4.5","12+","Games"
"Ghost Lens+Scary Photo Video Edit&Collage Maker","102500352","USD","0.00","18316","5.0","12+","Photo & Video"
"Kim Kardashian: Hollywood","239976448","USD","0.00","397730","4.5","12+","Games"
"94%","121039872","USD","0.00","13805","4.5","4+","Games"
"YouCam Makeup: Magic Makeup Selfie Cam","133124096","USD","0.00","14188","4.5","9+","Photo & Video"
"Kritika: The White Knights","1062202368","USD","0.00","5185","4.5","12+","Games"
"8fit - Workouts, meal plans and personal trainer","101789696","USD","0.00","8730","5.0","4+","Health & Fitness"
"Cupcake Mania™","167641088","USD","0.00","15336","4.5","4+","Games"
"LINE: Disney Tsum Tsum","77043712","USD","0.00","65155","4.5","4+","Games"
"Best Fiends","271392768","USD","0.00","37584","4.5","4+","Games"
"Bitmoji - Your Personal Emoji","105198592","USD","0.00","37972","4.5","12+","Utilities"
"Goat Simulator","436621312","USD","4.99","34819","4.5","9+","Games"
"Angry Birds Transformers","364130304","USD","0.00","106434","4.5","4+","Games"
"Timberman","72761344","USD","0.00","35587","4.5","4+","Games"
"Elevate - Brain Training and Games","196350976","USD","0.00","58092","5.0","4+","Education"
"E! Now","95158272","USD","0.00","5506","4.5","12+","Entertainment"
"Fantasy Forest Story: Land Before Dragons","191102976","USD","0.00","7935","4.5","4+","Games"
"SHEIN Shopping - Women's Clothing & Fashion","58648576","USD","0.00","12663","4.5","12+","Shopping"
"World Of Navy Ships","96100352","USD","1.99","5956","4.5","12+","Games"
"Two Dots","285004800","USD","0.00","139486","4.5","4+","Games"
"Gods of Olympus","116436992","USD","0.00","21414","4.5","9+","Games"
"Turbo Dismount®","317992960","USD","0.00","24808","4.5","12+","Games"
"RoverCraft Space Racing","475708416","USD","0.00","7375","4.5","4+","Games"
"Billionaire – Business Capitalist Tycoon!","83843072","USD","0.00","42058","4.5","12+","Games"
"Dragon Mania Legends: Dragon Breeding Game","122903552","USD","0.00","34039","4.5","12+","Games"
"My Emma :)","136275968","USD","0.00","8412","4.5","4+","Games"
"Need for Speed™ No Limits","1085844480","USD","0.00","34998","4.5","4+","Games"
"Adobe Photoshop Mix - Cut out, combine, create","202334208","USD","0.00","5253","4.5","4+","Photo & Video"
"Online Head Ball","111458304","USD","0.00","5160","4.5","4+","Games"
"Dungeon Hunter 5 - Multiplayer RPG on iOS","2288456704","USD","0.00","22513","4.5","12+","Games"
"RGB Express - Mini Truck Puzzle","37166080","USD","1.99","5575","4.5","4+","Games"
"CSR Racing 2","1944321024","USD","0.00","257100","5.0","4+","Games"
"Bee Brilliant","199310336","USD","0.00","11151","5.0","4+","Games"
"Shades: A Simple Puzzle Game","44048384","USD","1.99","7598","4.5","4+","Games"
"Toy Blast","268521472","USD","0.00","75822","4.5","4+","Games"
"Soccer Star 2016 World Legend","328875008","USD","0.00","7765","4.5","12+","Games"
"Free Piano app by Yokee","73091072","USD","0.00","13016","4.5","4+","Music"
"Zombie Highway 2","154164224","USD","0.00","14593","4.5","12+","Games"
"Solitaire TriPeaks: Classic Card Game","149481472","USD","0.00","32215","4.5","4+","Games"
"Juice Jam","131652608","USD","0.00","21733","4.5","4+","Games"
"Record by Under Armour, connects with UA HealthBox","226079744","USD","0.00","7754","4.5","12+","Health & Fitness"
"MARVEL Contest of Champions","868048896","USD","0.00","233599","4.5","12+","Games"
"Canva - Graphic Design & Photo Editing","126391296","USD","0.00","9114","4.5","4+","Photo & Video"
"Wheel of Fortune: Game Show Word Puzzles","245901312","USD","0.00","11876","4.5","4+","Games"
"Empires & Allies","145223680","USD","0.00","22902","4.5","12+","Games"
"Call of Duty®: Heroes","210842624","USD","0.00","179416","4.5","12+","Games"
"EA SPORTS™ UFC®","985080832","USD","0.00","19354","4.5","12+","Games"
"Pako - Car Chase Simulator","166803456","USD","1.99","5115","4.5","9+","Games"
"Free QR Code Reader & Barcode Scanner for iPhone","5851136","USD","0.00","7343","4.5","4+","Utilities"
"Hopper - Predict, Watch & Book Flights","96394240","USD","0.00","6944","4.5","4+","Travel"
"Hitman Sniper","1156409344","USD","0.99","8452","4.5","17+","Games"
"Kingdom Rush Origins HD","567183360","USD","4.99","6209","5.0","9+","Games"
"Inbox by Gmail","219122688","USD","0.00","21561","4.5","4+","Productivity"
"aa","11337728","USD","0.00","158845","4.5","4+","Games"
"Daddy Long Legs","87174144","USD","0.00","76622","4.5","4+","Games"
"Run!!!","75441152","USD","0.00","7891","4.5","4+","Games"
"Bruh-Button","52343808","USD","0.00","17487","5.0","17+","Entertainment"
"My Talking Angela","398783488","USD","0.00","54549","4.5","4+","Games"
"Clicker Heroes","90272768","USD","0.00","7495","4.5","9+","Games"
"SNKRS","79418368","USD","0.00","12298","4.5","4+","Shopping"
"1010!","131249152","USD","0.00","53496","4.5","4+","Games"
"Dawn of Titans","1213626368","USD","0.00","18735","4.5","9+","Games"
"Five Nights at Freddy's","49946624","USD","2.99","27388","4.5","12+","Games"
"Marco Polo Video Walkie Talkie","122692608","USD","0.00","27662","4.5","4+","Social Networking"
"Fist of Fury","45833216","USD","0.00","6813","4.5","9+","Games"
"SimCity BuildIt","96606208","USD","0.00","198338","4.5","4+","Games"
"One More Line","127930368","USD","0.00","8392","4.5","4+","Games"
"Real Boxing 2 ROCKY","666117120","USD","0.00","6263","4.5","12+","Games"
"RainbowKey - Color keyboard themes, fonts & GIF","86156288","USD","0.00","23063","4.5","4+","Utilities"
"Sugar Smash: Book of Life","128648192","USD","0.00","20254","5.0","4+","Games"
"Tobuscus Adventures: Wizards","438812672","USD","4.99","6741","5.0","9+","Games"
"5miles: Buy and Sell Used Stuff Locally","54063104","USD","0.00","16105","4.5","4+","Shopping"
"Afterpulse","970903552","USD","0.00","9321","4.5","17+","Games"
"The Room Three","1005560832","USD","4.99","23878","5.0","9+","Games"
"Stick Hero","28680192","USD","0.00","31727","4.5","4+","Games"
"Inside Out Thought Bubbles","164248576","USD","0.00","21881","4.5","4+","Games"
"Dubsmash","101078016","USD","0.00","20243","4.5","12+","Entertainment"
"Photomath - Camera Calculator","34342912","USD","0.00","16523","4.5","4+","Education"
"Fun Run 2 - Multiplayer Race","126603264","USD","0.00","31981","4.5","9+","Games"
"Star Wars™: Galaxy of Heroes","119752704","USD","0.00","122260","4.5","9+","Games"
"Everpix HD Wallpapers - Cool Backgrounds & Themes","67971072","USD","0.00","5521","4.5","4+","Entertainment"
"WordBubbles!","79702016","USD","0.00","62061","4.5","4+","Games"
"Email - Fast & Secure mail for Gmail iCloud Yahoo","142936064","USD","0.00","10778","4.5","4+","Productivity"
"N.O.V.A. 3: Freedom Edition - Near Orbit Vanguard Alliance game","1400971264","USD","0.00","25716","4.5","17+","Games"
"Radiation Island","1537737728","USD","2.99","5148","4.5","12+","Games"
"Neko Atsume: Kitty Collector","44166144","USD","0.00","31219","4.5","4+","Games"
"Crossy Road - Endless Arcade Hopper","165471232","USD","0.00","669079","4.5","9+","Games"
"AdVenture Capitalist","292289536","USD","0.00","181359","4.5","4+","Games"
"MONOPOLY Bingo!","253120512","USD","0.00","21025","4.5","12+","Games"
"Clockmaker – Mystery Match3 Puzzle","143858688","USD","0.00","5246","4.5","4+","Games"
"Sniper 3D Assassin: Shoot to Kill Gun Game","157851648","USD","0.00","386521","5.0","17+","Games"
"Smash Monsters - City Rampage","111940608","USD","0.00","7084","4.5","9+","Games"
"Dog Simulator 2015","195235840","USD","0.00","29817","4.5","4+","Games"
"DC Legends","271538176","USD","0.00","16460","4.5","9+","Games"
"StickyBalls Deluxe - Addicting Fall Down Game","148612096","USD","0.00","7002","4.5","4+","Games"
"Duet Display","30325760","USD","9.99","6165","4.5","4+","Productivity"
"YouTube Kids","119236608","USD","0.00","28560","4.5","4+","Entertainment"
"Angry Birds POP! - Bubble Shooter","148629504","USD","0.00","35711","4.5","4+","Games"
"Mahjong Journey®","161162240","USD","0.00","47949","4.5","4+","Games"
"TurboTax Tax Return App - File 2016 income taxes","151153664","USD","0.00","9635","4.5","4+","Finance"
"Seekers Notes: Hidden Mystery","137282560","USD","0.00","46384","4.5","4+","Games"
"Dragon Land","146343936","USD","0.00","6079","4.5","4+","Games"
"Color Pop Effects - Photo Editor & Picture Editing","78735360","USD","0.00","45320","4.5","4+","Photo & Video"
"Tap Titans","393954304","USD","0.00","87898","4.5","4+","Games"
"Five Nights at Freddy's 2","37310464","USD","2.99","18107","4.5","12+","Games"
"Attack the Light - Steven Universe Light RPG","312962048","USD","2.99","10132","5.0","9+","Games"
"WWE Immortals","2245948416","USD","0.00","29918","4.5","12+","Games"
"Dude Perfect 2","103986176","USD","0.00","28361","4.5","4+","Games"
"Clash of Kings - CoK","157344768","USD","0.00","23910","4.5","9+","Games"
"Ball King","74174464","USD","0.00","5834","4.5","9+","Games"
"MORTAL KOMBAT X","1738707968","USD","0.00","114475","4.5","17+","Games"
"Dreamdays: Count Down to the Days that Matter","52049920","USD","0.99","7863","5.0","4+","Utilities"
"Jet: Online Shopping Deals & Bulk Wholesale Prices","203396096","USD","0.00","9006","4.5","4+","Shopping"
"Prodigy Math Game","10961920","USD","0.00","6683","4.5","9+","Education"
"Alto's Adventure","128664576","USD","4.99","7824","4.5","9+","Games"
"The Line Zen","28614656","USD","0.00","16674","4.5","4+","Games"
"ZigZag","120344576","USD","0.00","104502","4.5","4+","Games"
"Touchdown Hero","163222528","USD","0.00","6570","4.5","4+","Games"
"Filterra – Photo Editor, Effects for Pictures","99465216","USD","0.00","14744","4.5","4+","Photo & Video"
"Traffic Rider","244306944","USD","0.00","14592","4.5","4+","Games"
"King of Thieves","183342080","USD","0.00","20911","4.5","9+","Games"
"Mr Jump","66228224","USD","0.00","33282","4.5","4+","Games"
"CPlus for Craigslist app - mobile classifieds","120219648","USD","0.00","13345","5.0","17+","Catalogs"
"Jelly Jump","249597952","USD","0.00","48694","4.5","4+","Games"
"Green the Planet","14761984","USD","0.00","5660","4.5","4+","Games"
"Century City","83817472","USD","0.00","20147","4.5","12+","Games"
"MARVEL Future Fight","1350787072","USD","0.00","20906","4.5","9+","Games"
"Storm Radar","93304832","USD","0.00","22792","4.5","4+","Weather"
"Quick Reposter - Repost, Regram and Reshare Photos","16826368","USD","0.00","17694","4.5","17+","Social Networking"
"Lumino City","2441955328","USD","4.99","6097","4.5","4+","Games"
"War Dragons","137094144","USD","0.00","25834","4.5","12+","Games"
"Extreme Car Driving Simulator Free","170371072","USD","0.00","28900","4.5","4+","Games"
"Flight Pilot Simulator 3D: Flying Game For Free","142512128","USD","0.00","60360","5.0","4+","Games"
"Batman: Arkham Underworld","783700992","USD","0.00","9287","4.5","12+","Games"
"Roll the Ball™ - slide puzzle","173849600","USD","0.00","20911","4.5","4+","Games"
"Hovercraft - Build Fly Retry","107164672","USD","0.00","14123","4.5","4+","Games"
"Google Photos - unlimited photo and video storage","160215040","USD","0.00","88742","5.0","4+","Photo & Video"
"Fruit Nibblers","150988800","USD","0.00","14505","4.5","4+","Games"
"Blackbox - think outside the box","100392960","USD","0.00","80058","5.0","4+","Games"
"Shooty Skies - Endless Arcade Flyer","221495296","USD","0.00","16948","4.5","4+","Games"
"Dragon Hills","175003648","USD","1.99","5508","4.5","9+","Games"
"Drive Ahead!","250080256","USD","0.00","19776","4.5","9+","Games"
"Vikings: War of Clans","142196736","USD","0.00","7969","4.5","9+","Games"
"Layout from Instagram","9355264","USD","0.00","12616","4.5","4+","Photo & Video"
"Sonic Dash 2: Sonic Boom","190799872","USD","0.00","5697","4.5","4+","Games"
"Unison League","71931904","USD","0.00","36414","4.5","9+","Games"
"The Walking Dead: Road to Survival - Strategy Game","151109632","USD","0.00","16116","4.5","17+","Games"
"Nom Cat - Endless feeding frenzy arcade game","65225728","USD","0.00","5655","4.5","4+","Games"
"The Walking Dead: No Man's Land","574139392","USD","0.00","21016","4.5","17+","Games"
"Lara Croft GO","1176644608","USD","4.99","6431","5.0","9+","Games"
"100! Block Puzzle - Color jigsaw 10x10 board game","26438656","USD","0.00","18821","4.5","4+","Games"
"Arrow Ambush","25895936","USD","0.00","32020","5.0","4+","Games"
"Blossom Blast Saga - Fun Flower Match & Grow Game","70504448","USD","0.00","29475","4.5","4+","Games"
"Five Nights at Freddy's 3","47722496","USD","2.99","9876","4.5","12+","Games"
"Head Basketball","133572608","USD","0.00","18037","4.5","4+","Games"
"SongPop 2 - Guess The Song","117985280","USD","0.00","9517","4.5","12+","Games"
"Sky Force Reloaded","600387584","USD","0.00","7429","4.5","9+","Games"
"Sniper Fury: Fun Mobile Shooter Game","1042634752","USD","0.00","8596","4.5","17+","Games"
"Pop the Lock","39330816","USD","0.00","28754","4.5","4+","Games"
"Nonstop Knight","161026048","USD","0.00","6841","4.5","9+","Games"
"Browser and File Manager for Documents","42198016","USD","0.00","27750","5.0","17+","Utilities"
"Kill Shot Bravo","104240128","USD","0.00","22444","4.5","17+","Games"
"DragonVale World","117929984","USD","0.00","6379","4.5","4+","Games"
"Words Crush: Hidden Words!","117254144","USD","0.00","23735","4.5","4+","Games"
"Stupid Zombies 3","154107904","USD","0.00","10159","5.0","12+","Games"
"Block Craft 3D: Building Simulator Game For Free","93063168","USD","0.00","78412","4.5","4+","Games"
"Dan The Man (Retro Action Platformer)","99317760","USD","0.00","7527","5.0","12+","Games"
"Lifeline...","29690880","USD","1.99","21347","4.5","9+","Games"
"Discord - Chat for Gamers","26890240","USD","0.00","9152","4.5","4+","Social Networking"
"Face Swap App- Funny Face Changer Photo Effects","16275456","USD","0.00","11977","4.5","4+","Photo & Video"
"Hot Shot Slots Games – Vegas Casino Slot Machines","179004416","USD","0.00","20064","4.5","12+","Games"
"letgo: Buy & Sell Second Hand Stuff","109915136","USD","0.00","38424","4.5","12+","Shopping"
"Arrow","128421888","USD","0.00","14673","4.5","4+","Games"
"Fallout Shelter","1172922368","USD","0.00","199396","4.5","12+","Games"
"Moments - private albums with friends and family","204382208","USD","0.00","11955","4.5","4+","Photo & Video"
"Fit The Fat 2","169729024","USD","0.00","8557","4.5","4+","Games"
"Spinny Circle","16656384","USD","0.00","20812","4.5","4+","Games"
"Rick and Morty: Pocket Mortys","955524096","USD","0.00","12124","4.5","17+","Games"
"Egg, Inc.","53579776","USD","0.00","79074","5.0","4+","Games"
"Triller - Music Video & Film Maker","87287808","USD","0.00","25683","5.0","12+","Photo & Video"
"Agar.io","63954944","USD","0.00","176514","4.5","9+","Games"
"InShot Video Editor Music, No Crop, Cut","55851008","USD","0.00","12779","5.0","4+","Photo & Video"
"Plants vs. Zombies™ Heroes","153967616","USD","0.00","16305","4.5","9+","Games"
"Thumb Drift - Furious One Touch Car Racing","184078336","USD","0.00","6051","4.5","4+","Games"
"PAC-MAN 256 - Endless Arcade Maze","145424384","USD","0.00","23015","4.5","4+","Games"
"Animal Jam - Play Wild!","620323840","USD","0.00","26990","4.5","9+","Games"
"Brain Dots - Draw and solve! Brain Training Game","53430272","USD","0.00","5469","4.5","4+","Games"
"Olympus Rising","126610432","USD","0.00","7072","4.5","12+","Games"
"Soda Dungeon","74728448","USD","0.00","5717","4.5","12+","Games"
"Dear Diary - Interactive Story","74420224","USD","0.00","8922","4.5","4+","Games"
"Hungry Babies Mania","207542272","USD","0.00","7075","4.5","4+","Games"
"Bullet Force","501043200","USD","0.00","9289","4.5","17+","Games"
"Futurama: Game of Drones","385683456","USD","0.00","8394","4.5","12+","Games"
"Colorfy: Coloring Book for Adults","124185600","USD","0.00","247809","4.5","4+","Entertainment"
"Snapimals: Discover & Snap Amazing & Cute Animals!","221279232","USD","0.00","11060","4.5","4+","Games"
"World Chef: Restaurant & Cooking Game","136355840","USD","0.00","29886","4.5","12+","Games"
"Dream League Soccer 2017","359676928","USD","0.00","66004","4.5","4+","Games"
"My Singing Monsters: Dawn of Fire","149613568","USD","0.00","7749","4.5","4+","Games"
"Design Home","173576192","USD","0.00","23298","4.5","4+","Games"
"Would You Rather?","33028096","USD","0.00","6479","4.5","12+","Games"
"Sideline - 2nd Phone Number","133328896","USD","0.00","7907","4.5","4+","Business"
"Cat Kitty Kitten Coloring Pages - Free Girl Games","39411712","USD","0.00","10278","4.5","4+","Games"
"Pokémon Shuffle Mobile","106076160","USD","0.00","5805","4.5","4+","Games"
"ipsy - Makeup, subscription and beauty tips","35611648","USD","0.00","17489","5.0","4+","Lifestyle"
"Viva™ Slots Las Vegas Classic Casino Games","167431168","USD","0.00","58738","4.5","12+","Games"
"Disney Emoji Blitz","257001472","USD","0.00","41036","4.5","4+","Games"
"Smashy Road: Wanted","200108032","USD","0.00","53162","4.5","9+","Games"
"Colorfly : Coloring Book for Adults - Free Games","61465600","USD","0.00","21472","4.5","4+","Games"
"DragonSoul RPG","212710400","USD","0.00","7681","4.5","9+","Games"
"ColorArt: Coloring Book For Adults","90105856","USD","0.00","15797","4.5","4+","Entertainment"
"Five Nights at Freddys 4","50814976","USD","2.99","5478","4.5","12+","Games"
"HOOKED - Chat Stories","94545920","USD","0.00","47829","4.5","9+","Book"
"VPN Proxy Master - Unlimited WiFi security VPN","27117568","USD","0.00","13674","5.0","4+","Productivity"
"Recolor - Coloring Book","68480000","USD","0.00","31180","4.5","4+","Entertainment"
"Piano Tiles 2™(Don't Tap The White Tile 2)","81668096","USD","0.00","55077","4.5","4+","Games"
"Slots - Huuuge Casino: Slot Machines","91105280","USD","0.00","13637","4.5","12+","Games"
"PewDiePie: Legend of the Brofist","457690112","USD","4.99","10828","5.0","12+","Games"
"hocus.","26484736","USD","0.99","5778","4.5","4+","Games"
"Churchill Solitaire - World War Card Game","153385984","USD","0.00","13241","4.5","12+","Games"
"Color Therapy Adult Coloring Book for Adults","135236608","USD","0.00","84062","5.0","4+","Book"
"Crafty Candy - Match 3 Puzzle Game","151161856","USD","0.00","7511","4.5","4+","Games"
"BuzzTube - Video Player for YouTube","15563776","USD","0.00","21012","4.5","17+","Entertainment"
"Kendall and Kylie","556161024","USD","0.00","55011","4.5","12+","Games"
"Genies & Gems","280523776","USD","0.00","9768","4.5","4+","Games"
"Endless Sky","35807232","USD","0.00","6313","4.5","4+","Games"
"Teenage Mutant Ninja Turtles: Legends","920238080","USD","0.00","10771","4.5","9+","Games"
"Super Sharp","15110144","USD","1.99","7776","5.0","4+","Games"
"Weed Firm: RePlanted","122604544","USD","0.00","10122","4.5","17+","Games"
"Egg!","323473408","USD","0.00","33407","4.5","4+","Games"
"Tap Tap Dash","68935680","USD","0.00","11748","4.5","4+","Games"
"iScanner - PDF Document Scanner App","81171456","USD","4.99","8675","4.5","4+","Business"
"CLUE Bingo","232353792","USD","0.00","12123","4.5","12+","Games"
"Rolling Sky","138529792","USD","0.00","30670","4.5","4+","Games"
"Scanner App - PDF Document Scan","96234496","USD","0.00","11696","4.5","4+","Business"
"my KONAMI Slots - Vegas Casino Slot Machine Games","218488832","USD","0.00","13345","4.5","12+","Games"
"Mahjong Classic Board Game","68122624","USD","0.00","10275","4.5","4+","Games"
"Football Clicker","172334080","USD","0.00","12326","4.5","4+","Games"
"Warhammer 40,000: Freeblade","1425611776","USD","0.00","16879","4.5","12+","Games"
"Day One Journal","182986752","USD","4.99","6380","4.5","4+","Lifestyle"
"Vlogger Go Viral - Clicker Game & Vlog Simulator","100562944","USD","0.00","21977","5.0","4+","Games"
"Flip Diving","189799424","USD","0.00","17012","4.5","12+","Games"
"Geometry Dash Meltdown","55445504","USD","0.00","117470","4.5","4+","Games"
"Disney Crossy Road","187282432","USD","0.00","38571","4.5","4+","Games"
"Sam’s Club Scan & Go","32470016","USD","0.00","5448","4.5","4+","Shopping"
"Hungry Shark World","952222720","USD","0.00","24057","4.5","12+","Games"
"Rodeo Stampede - Sky Zoo Safari","252826624","USD","0.00","19199","4.5","4+","Games"
"Slots: DoubleUp Free Slot Games - Slot Machines","168200192","USD","0.00","7177","5.0","12+","Games"
"Tap Sports Baseball 2016","178905088","USD","0.00","25834","4.5","12+","Games"
"Rival Fire","892332032","USD","0.00","10701","4.5","12+","Games"
"Clash Royale","114408448","USD","0.00","266921","4.5","9+","Games"
"Color Switch","77757440","USD","0.00","145043","4.5","4+","Games"
"Free VPN HexaTech - Unlimited VPN Proxy for iPhone","18821120","USD","0.00","5934","4.5","4+","Productivity"
"Merged!","95139840","USD","0.00","17867","4.5","4+","Games"
"Hair Color Changer - Styles Salon & Recolor Booth","33427456","USD","0.00","11828","4.5","4+","Entertainment"
"Zombie Frontier 3 – Top Zombie Shooting Game","132756480","USD","0.00","38159","4.5","17+","Games"
"Tomb of the Mask","103051264","USD","0.00","8054","4.5","9+","Games"
"MMX Hill Dash — Off-Road Racing","202866688","USD","0.00","11123","4.5","4+","Games"
"Farm Heroes Super Saga: Match, Collect and Grow!","299586560","USD","0.00","16259","4.5","4+","Games"
"Transformers: Earth Wars","189870080","USD","0.00","13664","4.5","12+","Games"
"War Machines: 3D Multiplayer Tank Shooting Game","163080192","USD","0.00","11325","5.0","12+","Games"
"Tap Tycoon - Country vs Country","246093824","USD","0.00","11034","4.5","4+","Games"
"Best Fiends Forever","210092032","USD","0.00","6872","4.5","4+","Games"
"BBTAN by 111%","53789696","USD","0.00","7367","4.5","4+","Games"
"Castle Crush: Epic Strategy Game","106132480","USD","0.00","23148","5.0","12+","Games"
"Pigment - Coloring Book for Adults","145373184","USD","0.00","23967","4.5","4+","Entertainment"
"Swing","134987776","USD","0.00","8013","4.5","4+","Games"
"Reddit Official App: All That's Trending and Viral","30855168","USD","0.00","67560","4.5","17+","News"
"MSQRD — Live Filters & Face Swap for Video Selfies","198906880","USD","0.00","12982","4.5","9+","Photo & Video"
"POP! Slots – Las Vegas Casino Slot Machine Games","82688000","USD","0.00","7518","4.5","12+","Games"
"Solitaire Ⓞ","68179968","USD","0.00","12077","5.0","4+","Games"
"Diggy's Adventure","102445056","USD","0.00","8271","4.5","9+","Games"
"Good Knight Story","153513984","USD","0.00","6282","5.0","12+","Games"
"Gin Rummy Plus - Multiplayer Online Card Game","178644992","USD","0.00","36355","5.0","12+","Games"
"Baby Story - Pregnancy Pics Baby Milestones Photo","166354944","USD","0.00","6700","4.5","4+","Photo & Video"
"My Cafe: Recipes & Stories - World Restaurant Game","133657600","USD","0.00","23556","4.5","4+","Games"
"Tap Tap Fish - Abyssrium","209029120","USD","0.00","15876","4.5","4+","Games"
"Yu-Gi-Oh! Duel Links","185152512","USD","0.00","35570","5.0","9+","Games"
"Taps to Riches","221522944","USD","0.00","6286","4.5","4+","Games"
"Zombie Castaways","144084992","USD","0.00","17865","4.5","4+","Games"
"Drop Flip","114199552","USD","1.99","9752","4.5","4+","Games"
"Choices: Stories You Play","108666880","USD","0.00","33698","4.5","12+","Games"
"Lords Mobile","351562752","USD","0.00","10263","4.5","9+","Games"
"Spin It Rich! Casino Slots: Free Slot Machines","150571008","USD","0.00","8402","4.5","12+","Games"
"Wizard of OZ: Magic Match","160321536","USD","0.00","24507","4.5","4+","Games"
"Ghostbusters™: Slime City","521508864","USD","0.00","5111","4.5","12+","Games"
"Willy Wonka Slots: Vegas Casino Slot Machines","117741568","USD","0.00","17436","4.5","12+","Games"
"Smashy City","102383616","USD","0.00","8742","4.5","9+","Games"
"Driving School 2016","293660672","USD","0.00","26685","4.5","4+","Games"
"Nicki Minaj: The Empire","601800704","USD","0.00","5196","4.5","12+","Music"
"SongFlip - Free Music Streamer","32579584","USD","0.00","5004","4.5","4+","Music"
"Wooden Block Puzzle - Wood jigsaw fit 1010 matrix","50578432","USD","0.00","44237","4.5","4+","Games"
"FINAL FANTASY BRAVE EXVIUS","108917760","USD","0.00","28187","4.5","12+","Games"
"WordWhizzle","68079616","USD","0.00","56054","4.5","4+","Games"
"Mekorama","9348096","USD","0.00","8157","4.5","4+","Games"
"Romwe shopping- Fashion Clothing for women","38983680","USD","0.00","8558","5.0","4+","Shopping"
"Stack","115195904","USD","0.00","69368","4.5","4+","Games"
"Animation Throwdown: The Quest for Cards","358231040","USD","0.00","18141","4.5","17+","Games"
"Hovercraft: Takedown - Custom Combat Cars","123773952","USD","0.00","15290","4.5","9+","Games"
"KleptoCats","391116800","USD","0.00","13300","4.5","4+","Games"
"Letter Soup - Word Game","88837120","USD","0.00","18358","4.5","4+","Games"
"Collageable - Photo Collage Maker, Pic Grid Free","90942464","USD","0.00","5112","4.5","4+","Photo & Video"
"FarmVille: Tropic Escape - Harvest in Paradise","204402688","USD","0.00","16457","4.5","4+","Games"
"War Tortoise","407088128","USD","0.00","10555","5.0","12+","Games"
"Restaurant DASH with Gordon Ramsay","174926848","USD","0.00","21804","4.5","9+","Games"
"Talking Tom Gold Run: Fun & Endless Running Game","202542080","USD","0.00","18733","4.5","4+","Games"
"Live.me – Live Video Chat & Make Friends Nearby","163832832","USD","0.00","14724","4.5","17+","Social Networking"
"Steve - The Jumping Dinosaur Widget Arcade Game","26888192","USD","0.00","7751","4.5","4+","Games"
"Monster Super League","163893248","USD","0.00","10368","5.0","12+","Games"
"Coloring Book for Me - Coloring pages for adults","109358080","USD","0.00","7692","4.5","4+","Entertainment"
"PewDiePie's Tuber Simulator","266766336","USD","0.00","90851","5.0","9+","Games"
"Steppy Pants","166893568","USD","0.00","12506","4.5","9+","Games"
"Nike+","149407744","USD","0.00","5464","5.0","4+","Shopping"
"Block! Hexa Puzzle","132425728","USD","0.00","28524","4.5","4+","Games"
"Fish Mania™","141017088","USD","0.00","6038","5.0","4+","Games"
"Mahjong Treasure Quest","122580992","USD","0.00","6557","4.5","4+","Games"
"Tap Smiths","141621248","USD","0.00","5112","4.5","4+","Games"
"Dots & Co: A New Puzzle Adventure","180679680","USD","0.00","10693","4.5","4+","Games"
"Bud Farm: Grass Roots","65891328","USD","0.00","6523","4.5","17+","Games"
"Snake Slither Run - Hungry Worm Eat Color Dot","35186688","USD","0.00","9034","4.5","4+","Games"
"Snakeio","76058624","USD","0.00","13870","4.5","4+","Games"
"Tinker Island: Survival Adventure","315353088","USD","0.00","6686","4.5","9+","Games"
"WordWhizzle Search","83180544","USD","0.00","49635","4.5","4+","Games"
"Mars: Mars","157614080","USD","0.00","6116","4.5","9+","Games"
"Free Music - MP3 Streamer & Playlist Manager Pro","10542080","USD","0.00","13443","4.5","4+","Music"
"Ketchapp Basketball","72118272","USD","0.00","5833","4.5","4+","Games"
"Geometry Dash World","64278528","USD","0.00","5114","4.5","4+","Games"
"Snake.io - Worm.io - Agar Slither Snake Battle","61143040","USD","0.00","5768","4.5","4+","Entertainment"
"Hand of God - Top Clicker & Tap Games","162750464","USD","0.00","5141","4.5","12+","Games"
"Mystic Messenger","405535744","USD","0.00","6754","4.5","12+","Games"
"Tank War - Geometry Go Shot Color Dot.IO","32032768","USD","0.00","24760","4.5","4+","Games"
"Bowmasters - Top Multiplayer Bowman Archery Game","164000768","USD","0.00","159323","4.5","12+","Games"
"NARUTO SHIPPUDEN: Ultimate Ninja Blazing","189709312","USD","0.00","6426","4.5","9+","Games"
"Tap Titans 2","511670272","USD","0.00","9122","4.5","4+","Games"
"Archery King","133175296","USD","0.00","8905","4.5","4+","Games"
"Angry Birds Blast","129589248","USD","0.00","24878","4.5","4+","Games"
"Make More!","35957760","USD","0.00","5134","4.5","9+","Games"
"Prisma: Photo Editor, Art Filters Pic Effects","76442624","USD","0.00","15060","4.5","9+","Photo & Video"
"Suicide Squad: Special Ops","363020288","USD","0.00","6551","4.5","12+","Games"
"Tank.IO War - Free Tank games of snake","25571328","USD","0.00","9259","5.0","4+","Games"
"New Furniture Mods - Pocket Wiki & Game Tools for Minecraft PC Edition","52959232","USD","0.00","17588","4.5","4+","Reference"
"Pixel Color Ball Fell From The Sky","33778688","USD","0.00","6493","5.0","4+","Entertainment"
"Cheats For Pokemon Go - Gameplay, PokeCoins Guide, Catch Videos","13390848","USD","0.00","6205","4.5","12+","Entertainment"
"Burrito Bison: Launcha Libre","468171776","USD","0.00","7740","5.0","9+","Games"
"Six!","112238592","USD","0.00","14505","4.5","4+","Games"
"Artisto – Video and Photo Editor with Art Filters","55673856","USD","0.00","12963","5.0","4+","Photo & Video"
"Evolution Calculator - CP & XP - for Pokemon GO!","19608576","USD","0.00","9269","5.0","4+","Utilities"
"Super Cat Tales","64337920","USD","0.00","7423","5.0","4+","Games"
"Tricky Test 2™: Genius Brain?","134669312","USD","0.00","45578","5.0","4+","Games"
"Hill Climb Racing 2","120797184","USD","0.00","33854","4.5","9+","Games"
"Grumpy Cat's Worst Game Ever","138964992","USD","0.00","5170","5.0","4+","Games"
"Despicable Bear - Top Beat Action Game","218849280","USD","0.00","8872","5.0","17+","Games"
"Word Cookies!","113321984","USD","0.00","287095","4.5","4+","Games"
"Hop","119472128","USD","0.00","12079","4.5","4+","Games"
"Followers Analytics for Instagram - InstaReport","35136512","USD","0.00","13914","4.5","4+","Social Networking"
"Flippy Bottle Extreme! - Marker Flip Tricky 2K16","143591424","USD","0.00","42435","4.5","4+","Games"
"Pineapple Pen","97951744","USD","0.00","6430","4.5","4+","Games"
"Mobile Legends: Bang bang","187168768","USD","0.00","11602","4.5","12+","Games"
"SMILE Inc.","137533440","USD","0.00","25859","5.0","12+","Games"
